asset_id,scene_id,site_name,slug,platform_model_scope,model_file,model_status,trigger_status,reference_reveal_status,visual_constraint_status,narration_status,upload_status,notes
S1A,S1,平西情报联络站,pingxi_gate,入口门楼轻量模型；不复用旧门楼 GLB,S1A_pingxi_gate_v001.glb,V1_BUILT_BLENDER_REVIEWED_LOCAL_PASS,AWAITING_RIGHTS_AND_DEVICE_TEST,RECEIVED_NEEDS_RIGHTS,IMPLEMENTED_V1,RECEIVED_NOT_REVIEWED,NOT_UPLOADED,250292 B；5 网格；1864 三角面；5 材质；1 贴图；不可见面 INFERRED_LOW_DETAIL
S1B,S1,平西情报联络站,radio_operator_statue,女报务员雕塑及发报设备轻量模型,S1B_radio_operator_statue_v001.glb,V1_BUILT_BLENDER_REVIEWED_LOCAL_PASS,AWAITING_RIGHTS_AND_DEVICE_TEST,RECEIVED_NEEDS_RESIZE_PRIVACY_RIGHTS,IMPLEMENTED_V1,RECEIVED_NOT_REVIEWED,NOT_UPLOADED,93696 B；3 网格；1392 三角面；3 材质；0 贴图；照片需处理背景人物
S2A,S2,电报大楼,telegraph_building,电报大楼正立面主轮廓轻量模型,S2A_telegraph_building_v001.glb,V1_BUILT_BLENDER_REVIEWED_LOCAL_PASS,AWAITING_RIGHTS_AND_DEVICE_TEST,RECEIVED_NEEDS_COMPRESS_PRIVACY_RIGHTS,IMPLEMENTED_V1,AWAITING_AUTHOR,NOT_UPLOADED,119008 B；5 网格；1712 三角面；5 材质；0 贴图；不可见面 INFERRED_LOW_DETAIL
S3A,S3,短波通信局（项目暂定名）,shortwave_station_building,S3 参考素材所示通信楼轻量模型,S3A_shortwave_station_building_v001.glb,V1_BUILT_BLENDER_REVIEWED_LOCAL_PASS,AWAITING_RIGHTS_AND_DEVICE_TEST,RECEIVED_NEEDS_RIGHTS,IMPLEMENTED_V1_IDENTITY_PENDING,AWAITING_AUTHOR,NOT_UPLOADED,133304 B；4 网格；2124 三角面；4 材质；0 贴图；具体台站身份待核验
S3B,S3,短波通信局（项目暂定名）,shortwave_antenna_array,S3 参考素材所示天线阵列轻量模型,S3B_shortwave_antenna_array_v001.glb,V1_BUILT_BLENDER_REVIEWED_LOCAL_PASS,AWAITING_RIGHTS_AND_DEVICE_TEST,RECEIVED_NEEDS_RIGHTS,IMPLEMENTED_V1_IDENTITY_PENDING,AWAITING_AUTHOR,NOT_UPLOADED,313160 B；3 网格；4876 三角面；3 材质；0 贴图；具体台站身份待核验
S4A,S4,居庸关,juyong_pass_tower,居庸关城楼轻量模型,S4A_juyong_pass_tower_v001.glb,V1_BUILT_BLENDER_REVIEWED_LOCAL_PASS,AWAITING_RIGHTS_AND_DEVICE_TEST,RECEIVED_NEEDS_COMPRESS_RIGHTS,IMPLEMENTED_V1,AWAITING_AUTHOR,NOT_UPLOADED,103832 B；5 网格；1172 三角面；5 材质；1 贴图；不可见面 INFERRED_LOW_DETAIL
S5A,S5,西山无名英雄纪念广场,memorial_sculpture,纪念雕塑群轻量模型,S5A_memorial_sculpture_v001.glb,V1_BUILT_BLENDER_REVIEWED_LOCAL_PASS,AWAITING_RIGHTS_AND_DEVICE_TEST,BLOCKED_WATERMARK_AND_RIGHTS,IMPLEMENTED_V1,AWAITING_AUTHOR,NOT_UPLOADED,300856 B；4 网格；4246 三角面；4 材质；1 贴图；铜牌语义标题《家国》
S6A,S6,香山镇芳楼,zhenfang_lou,镇芳楼轻量模型,S6A_zhenfang_lou_v001.glb,V1_BUILT_BLENDER_REVIEWED_LOCAL_PASS,AWAITING_RIGHTS_AND_DEVICE_TEST,RECEIVED_NEEDS_RIGHTS,IMPLEMENTED_V1,AWAITING_AUTHOR,NOT_UPLOADED,103524 B；5 网格；1490 三角面；5 材质；0 贴图；不可见面 INFERRED_LOW_DETAIL
S7A,S7,中国电信博物馆,telecom_museum,中国电信博物馆主体轻量模型,S7A_telecom_museum_v001.glb,V1_BUILT_BLENDER_REVIEWED_LOCAL_PASS,AWAITING_RIGHTS_AND_DEVICE_TEST,RECEIVED_NEEDS_RIGHTS,IMPLEMENTED_V1_PRIMARY_SIGNAGE_STATE,AWAITING_AUTHOR,NOT_UPLOADED,129240 B；5 网格；1304 三角面；5 材质；1 贴图；采用主要参考图的高塔竖向馆名状态
